
--  datos personas
INSERT INTO PERSONA (CI,NOMBRE,APELLIDO,FECHA_NACIMIENTO,DEPARTAMENTO) VALUES ('6157061','Juan carlos','bazan','1985-02-20','02');
INSERT INTO PERSONA (CI,NOMBRE,APELLIDO,FECHA_NACIMIENTO,DEPARTAMENTO) VALUES ('1234567','Maria','Angeles','1985-08-25','01');
INSERT INTO PERSONA (CI,NOMBRE,APELLIDO,FECHA_NACIMIENTO,DEPARTAMENTO) VALUES ('2345678','Lupe','SantaMaria','1983-07-02','02');
INSERT INTO PERSONA (CI,NOMBRE,APELLIDO,FECHA_NACIMIENTO,DEPARTAMENTO) VALUES ('3456789','Luis','Choque','1995-02-04','08');
INSERT INTO PERSONA (CI,NOMBRE,APELLIDO,FECHA_NACIMIENTO,DEPARTAMENTO) VALUES ('4567891','Wilmer','Choque','1993-08-07','03');
INSERT INTO PERSONA (CI,NOMBRE,APELLIDO,FECHA_NACIMIENTO,DEPARTAMENTO) VALUES ('5678902','Enrique','Miranda','1996-04-15','04');
INSERT INTO PERSONA (CI,NOMBRE,APELLIDO,FECHA_NACIMIENTO,DEPARTAMENTO) VALUES ('6789012','Vanesa','Cervantes','1989-11-30','09');
INSERT INTO PERSONA (CI,NOMBRE,APELLIDO,FECHA_NACIMIENTO,DEPARTAMENTO) VALUES ('7890236','Marta','Lanza','1987-10-02','07');
INSERT INTO PERSONA (CI,NOMBRE,APELLIDO,FECHA_NACIMIENTO,DEPARTAMENTO) VALUES ('9517530','Luis','Limachi','1982-01-01','07');
INSERT INTO PERSONA (CI,NOMBRE,APELLIDO,FECHA_NACIMIENTO,DEPARTAMENTO) VALUES ('4102589','Francisco','Cazas','1999-11-20','04');
INSERT INTO PERSONA (CI,NOMBRE,APELLIDO,FECHA_NACIMIENTO,DEPARTAMENTO) VALUES ('3210581','Fabian','Lanza','1993-08-12','06');
INSERT INTO PERSONA (CI,NOMBRE,APELLIDO,FECHA_NACIMIENTO,DEPARTAMENTO) VALUES ('1020234','Analise','Baldiviezo','1994-04-04','01');
INSERT INTO PERSONA (CI,NOMBRE,APELLIDO,FECHA_NACIMIENTO,DEPARTAMENTO) VALUES ('1025687','Luz','Mamani','1997-01-02','07');
INSERT INTO PERSONA (CI,NOMBRE,APELLIDO,FECHA_NACIMIENTO,DEPARTAMENTO) VALUES ('8080869','Sebastian','Morales','1996-09-09','03');
INSERT INTO PERSONA (CI,NOMBRE,APELLIDO,FECHA_NACIMIENTO,DEPARTAMENTO) VALUES ('9090009','Gabriela','Gonzales','2001-05-09','03');
INSERT INTO PERSONA (CI,NOMBRE,APELLIDO,FECHA_NACIMIENTO,DEPARTAMENTO) VALUES ('1111222','Oscar','Quispe','2002-07-04','08');
INSERT INTO PERSONA (CI,NOMBRE,APELLIDO,FECHA_NACIMIENTO,DEPARTAMENTO) VALUES ('3355669','Icaro','GRanado','2006-07-04','06');
INSERT INTO PERSONA (CI,NOMBRE,APELLIDO,FECHA_NACIMIENTO,DEPARTAMENTO) VALUES ('8799542','Robero','Samael','2008-08-18','02');
INSERT INTO PERSONA (CI,NOMBRE,APELLIDO,FECHA_NACIMIENTO,DEPARTAMENTO) VALUES ('2365987','Sofia','Sanabria','2003-07-25','05');
INSERT INTO PERSONA (CI,NOMBRE,APELLIDO,FECHA_NACIMIENTO,DEPARTAMENTO) VALUES ('6065841','Mariana','Vasquez','2003-04-07','07');

--  datos ACCESO
INSERT INTO ACCESO (CI,USUARIO,PASSWORD,ROL,CARRERA) VALUES ('2345678','d2','ad1','docente','Quimica');
INSERT INTO ACCESO (CI,USUARIO,PASSWORD,ROL,CARRERA) VALUES ('3456789','d3','ad2','docente','Fisica');
INSERT INTO ACCESO (CI,USUARIO,PASSWORD,ROL,CARRERA) VALUES ('1234567','d1','admin','docente','Informatica');
INSERT INTO ACCESO (CI,USUARIO,PASSWORD,ROL,CARRERA) VALUES ('6157061','e1','01a','estudiante','Quimica');
INSERT INTO ACCESO (CI,USUARIO,PASSWORD,ROL,CARRERA) VALUES ('4567891','e2','02b','estudiante','Informatica');
INSERT INTO ACCESO (CI,USUARIO,PASSWORD,ROL,CARRERA) VALUES ('5678902','e3','03c','estudiante','Informatica');
INSERT INTO ACCESO (CI,USUARIO,PASSWORD,ROL,CARRERA) VALUES ('6789012','e4','04d','estudiante','Fisica');
INSERT INTO ACCESO (CI,USUARIO,PASSWORD,ROL,CARRERA) VALUES ('7890236','e5','05e','estudiante','Matematicas');
INSERT INTO ACCESO (CI,USUARIO,PASSWORD,ROL,CARRERA) VALUES ('9517530','e6','06f','estudiante','Fisica');
INSERT INTO ACCESO (CI,USUARIO,PASSWORD,ROL,CARRERA) VALUES ('4102589','e7','07g','estudiante','Informatica');
INSERT INTO ACCESO (CI,USUARIO,PASSWORD,ROL,CARRERA) VALUES ('3210581','e8','08h','estudiante','Matematicas');
INSERT INTO ACCESO (CI,USUARIO,PASSWORD,ROL,CARRERA) VALUES ('1020234','e9','09i','estudiante','Quimica');
INSERT INTO ACCESO (CI,USUARIO,PASSWORD,ROL,CARRERA) VALUES ('1025687','e10','10a','estudiante','Informatica');
INSERT INTO ACCESO (CI,USUARIO,PASSWORD,ROL,CARRERA) VALUES ('8080869','e11','11b','estudiante','Fisica');
INSERT INTO ACCESO (CI,USUARIO,PASSWORD,ROL,CARRERA) VALUES ('9090009','e12','12c','estudiante','Matematicas');
INSERT INTO ACCESO (CI,USUARIO,PASSWORD,ROL,CARRERA) VALUES ('1111222','e13','13d','estudiante','Quimica');
INSERT INTO ACCESO (CI,USUARIO,PASSWORD,ROL,CARRERA) VALUES ('3355669','e14','14e','estudiante','Informatica');
INSERT INTO ACCESO (CI,USUARIO,PASSWORD,ROL,CARRERA) VALUES ('8799542','e15','15f','estudiante','Fisica');
INSERT INTO ACCESO (CI,USUARIO,PASSWORD,ROL,CARRERA) VALUES ('2365987','e16','16g','estudiante','Quimica');
INSERT INTO ACCESO (CI,USUARIO,PASSWORD,ROL,CARRERA) VALUES ('6065841','e17','17h','estudiante','Informatica');

-- datos INSCRIPCION

INSERT INTO INSCRIPCION (CI,SIGLA,Nota1,Nota2,Nota3,NotaFinal) VALUES ('6157061','quimica organica','10','15','20','45');
INSERT INTO INSCRIPCION (CI,SIGLA,Nota1,Nota2,Nota3,NotaFinal) VALUES ('6157061','quimica inorganica','21','15','20','56');
INSERT INTO INSCRIPCION (CI,SIGLA,Nota1,Nota2,Nota3,NotaFinal) VALUES ('6157061','Laboratorio','0','15','10','25');
INSERT INTO INSCRIPCION (CI,SIGLA,Nota1,Nota2,Nota3,NotaFinal) VALUES ('4567891','Multimedial','25','25','21','71');
INSERT INTO INSCRIPCION (CI,SIGLA,Nota1,Nota2,Nota3,NotaFinal) VALUES ('4567891','Sistemas Paralelos','15','24','27','66');
INSERT INTO INSCRIPCION (CI,SIGLA,Nota1,Nota2,Nota3,NotaFinal) VALUES ('4567891','Robotica','0','15','24','39');
INSERT INTO INSCRIPCION (CI,SIGLA,Nota1,Nota2,Nota3,NotaFinal) VALUES ('4567891','Telecomunicacines','20','20','21','61');
INSERT INTO INSCRIPCION (CI,SIGLA,Nota1,Nota2,Nota3,NotaFinal) VALUES ('5678902','inf-111','20','15','15','50');
INSERT INTO INSCRIPCION (CI,SIGLA,Nota1,Nota2,Nota3,NotaFinal) VALUES ('5678902','inf-112','20','18','12','50');
INSERT INTO INSCRIPCION (CI,SIGLA,Nota1,Nota2,Nota3,NotaFinal) VALUES ('5678902','lab-111','19','11','20','50');
INSERT INTO INSCRIPCION (CI,SIGLA,Nota1,Nota2,Nota3,NotaFinal) VALUES ('5678902','inf-113','8','0','0','8');
INSERT INTO INSCRIPCION (CI,SIGLA,Nota1,Nota2,Nota3,NotaFinal) VALUES ('6789012','Astronomia','21','21','21','63');
INSERT INTO INSCRIPCION (CI,SIGLA,Nota1,Nota2,Nota3,NotaFinal) VALUES ('7890236','Calculo 1','0','15','15','30');
INSERT INTO INSCRIPCION (CI,SIGLA,Nota1,Nota2,Nota3,NotaFinal) VALUES ('7890236','Algebra Lineal','22','18','11','41');
INSERT INTO INSCRIPCION (CI,SIGLA,Nota1,Nota2,Nota3,NotaFinal) VALUES ('9517530','Hidraulica','0','0','0','0');
INSERT INTO INSCRIPCION (CI,SIGLA,Nota1,Nota2,Nota3,NotaFinal) VALUES ('4102589','inf-121','10','10','28','48');
INSERT INTO INSCRIPCION (CI,SIGLA,Nota1,Nota2,Nota3,NotaFinal) VALUES ('4102589','lab-121','10','10','28','48');
INSERT INTO INSCRIPCION (CI,SIGLA,Nota1,Nota2,Nota3,NotaFinal) VALUES ('3210581','Calculo Diferencial','23','22','28','73');
INSERT INTO INSCRIPCION (CI,SIGLA,Nota1,Nota2,Nota3,NotaFinal) VALUES ('1020234','Laboratio','10','22','28','50');
INSERT INTO INSCRIPCION (CI,SIGLA,Nota1,Nota2,Nota3,NotaFinal) VALUES ('1020234','Estadistica 1','15','16','22','53');
INSERT INTO INSCRIPCION (CI,SIGLA,Nota1,Nota2,Nota3,NotaFinal) VALUES ('1025687','inf-154','0','0','0','0');
INSERT INTO INSCRIPCION (CI,SIGLA,Nota1,Nota2,Nota3,NotaFinal) VALUES ('8080869','Estadistica 1','15','15','15','45');
INSERT INTO INSCRIPCION (CI,SIGLA,Nota1,Nota2,Nota3,NotaFinal) VALUES ('8080869','Calculo 1','22','22','18','42');
INSERT INTO INSCRIPCION (CI,SIGLA,Nota1,Nota2,Nota3,NotaFinal) VALUES ('8080869','Laboratorio','10','11','12','33');
INSERT INTO INSCRIPCION (CI,SIGLA,Nota1,Nota2,Nota3,NotaFinal) VALUES ('9090009','Calculo Diferencial','0','0','0','0');
INSERT INTO INSCRIPCION (CI,SIGLA,Nota1,Nota2,Nota3,NotaFinal) VALUES ('1111222','Estadistica 2','23','23','24','70');
INSERT INTO INSCRIPCION (CI,SIGLA,Nota1,Nota2,Nota3,NotaFinal) VALUES ('1111222','Muestreo','21','19','21','61');
INSERT INTO INSCRIPCION (CI,SIGLA,Nota1,Nota2,Nota3,NotaFinal) VALUES ('1111222','Categorizacion','18','12','21','51');
INSERT INTO INSCRIPCION (CI,SIGLA,Nota1,Nota2,Nota3,NotaFinal) VALUES ('3355669','inf-111','15','15','15','45');
INSERT INTO INSCRIPCION (CI,SIGLA,Nota1,Nota2,Nota3,NotaFinal) VALUES ('3355669','lab-111','10','20','25','55');
INSERT INTO INSCRIPCION (CI,SIGLA,Nota1,Nota2,Nota3,NotaFinal) VALUES ('3355669','inf-112','20','10','25','55');
INSERT INTO INSCRIPCION (CI,SIGLA,Nota1,Nota2,Nota3,NotaFinal) VALUES ('3355669','lab-112','25','20','10','55');
INSERT INTO INSCRIPCION (CI,SIGLA,Nota1,Nota2,Nota3,NotaFinal) VALUES ('8799542','Astronomia','0','0','0','0');
INSERT INTO INSCRIPCION (CI,SIGLA,Nota1,Nota2,Nota3,NotaFinal) VALUES ('2365987','quimica organica','0','0','0','0');
INSERT INTO INSCRIPCION (CI,SIGLA,Nota1,Nota2,Nota3,NotaFinal) VALUES ('6065841','Auditoria Informatica','12','18','20','50');
INSERT INTO INSCRIPCION (CI,SIGLA,Nota1,Nota2,Nota3,NotaFinal) VALUES ('6065841','Idiomas 2','18','22','11','51');
INSERT INTO INSCRIPCION (CI,SIGLA,Nota1,Nota2,Nota3,NotaFinal) VALUES ('6065841','Sistemas Paralelos','15','15','21','51');